<?xml version="1.0" encoding="UTF-8" standalone="yes"?>
<addon id="repository.xbmcadult" name="XBMC Adult Addons" version="1.0.0" provider-name="xbmcadult">
	<extension point="xbmc.addon.repository" name="XBMC Adult Addons">
		<info compressed="false">http://xbmcadult.googlecode.com/svn/trunk/addons.xml</info>
		<checksum>http://xbmcadult.googlecode.com/svn/trunk/addons.xml.md5</checksum>
		<datadir zip="false">http://xbmcadult.googlecode.com/svn/trunk</datadir>
	</extension>
	<extension point="xbmc.addon.metadata">
		<summary>XBMC Addons for Adults Only</summary>
		<description>This repository contains addons that are for adults only. You may only view this addon if you are at least 18 years of age, or at least the age of majority in the jurisdiction where you reside or from which you access this content.</description>
		<disclaimer>The owners and submitters to this repository do not host or distribute any of the content displayed by these addons nor do they have any affiliation with the content providers.</disclaimer>
		<platform>all</platform>
	</extension>
</addon>
